id,name
office_boulogne,Boulogne
office_rennes,Rennes
office_lausanne,Lausanne
office_bangalore,Bangalore
office_camberley,Camberley
office_somerville,Somerville
office_cambridge,Cambridge